{
	"IcoMoonType": "selection",
	"icons": [
		{
			"icon": {
				"paths": [
					"M1024 590.444l-512-397.426-512 397.428v-162.038l512-397.426 512 397.428zM896 576v384h-256v-256h-256v256h-256v-384l384-288z"
				],
				"attrs": [],
				"tags": [
					"home",
					"house"
				],
				"defaultCode": 57345,
				"grid": 16
			},
			"attrs": [],
			"properties": {
				"id": 51,
				"order": 4,
				"prevSize": 32,
				"code": 59648,
				"ligatures": "home, house",
				"name": "home"
			},
			"setIdx": 1,
			"setId": 0,
			"iconIdx": 0
		},
		{
			"icon": {
				"paths": [
					"M288 576h-64v448h64c17.6 0 32-14.4 32-32v-384c0-17.6-14.4-32-32-32z",
					"M736 576c-17.602 0-32 14.4-32 32v384c0 17.6 14.398 32 32 32h64v-448h-64z",
					"M1024 512c0-282.77-229.23-512-512-512s-512 229.23-512 512c0 61.412 10.83 120.29 30.656 174.848-19.478 33.206-30.656 71.87-30.656 113.152 0 112.846 83.448 206.188 192 221.716v-443.418c-31.914 4.566-61.664 15.842-87.754 32.378-5.392-26.718-8.246-54.364-8.246-82.676 0-229.75 186.25-416 416-416s416 186.25 416 416c0 28.314-2.83 55.968-8.22 82.696-26.1-16.546-55.854-27.848-87.78-32.418v443.44c108.548-15.532 192-108.874 192-221.714 0-41.274-11.178-79.934-30.648-113.138 19.828-54.566 30.648-113.452 30.648-174.866z"
				],
				"attrs": [],
				"tags": [
					"headphones",
					"headset",
					"music",
					"audio"
				],
				"defaultCode": 59720,
				"grid": 16
			},
			"attrs": [],
			"properties": {
				"order": 7,
				"id": 1661,
				"prevSize": 32,
				"code": 59664,
				"ligatures": "headphones, headset",
				"name": "headphones"
			},
			"setIdx": 1,
			"setId": 0,
			"iconIdx": 16
		},
		{
			"icon": {
				"paths": [
					"M960 0h64v736c0 88.366-100.29 160-224 160s-224-71.634-224-160c0-88.368 100.29-160 224-160 62.684 0 119.342 18.4 160 48.040v-368.040l-512 113.778v494.222c0 88.366-100.288 160-224 160s-224-71.634-224-160c0-88.368 100.288-160 224-160 62.684 0 119.342 18.4 160 48.040v-624.040l576-128z"
				],
				"attrs": [],
				"tags": [
					"music",
					"song",
					"audio",
					"sound",
					"note"
				],
				"defaultCode": 57404,
				"grid": 16
			},
			"attrs": [],
			"properties": {
				"id": 114,
				"order": 5,
				"prevSize": 32,
				"code": 59665,
				"ligatures": "music, song",
				"name": "music"
			},
			"setIdx": 1,
			"setId": 0,
			"iconIdx": 17
		},
		{
			"icon": {
				"paths": [
					"M981.188 160.108c-143.632-20.65-302.332-32.108-469.186-32.108-166.86 0-325.556 11.458-469.194 32.108-27.53 107.726-42.808 226.75-42.808 351.892 0 125.14 15.278 244.166 42.808 351.89 143.638 20.652 302.336 32.11 469.194 32.11 166.854 0 325.552-11.458 469.186-32.11 27.532-107.724 42.812-226.75 42.812-351.89 0-125.142-15.28-244.166-42.812-351.892zM384.002 704v-384l320 192-320 192z"
				],
				"attrs": [],
				"tags": [
					"play",
					"video",
					"movie"
				],
				"defaultCode": 57410,
				"grid": 16
			},
			"attrs": [],
			"properties": {
				"id": 120,
				"order": 6,
				"prevSize": 32,
				"code": 59666,
				"ligatures": "play, video",
				"name": "play"
			},
			"setIdx": 1,
			"setId": 0,
			"iconIdx": 18
		},
		{
			"icon": {
				"paths": [
					"M512 0c-282.77 0-512 229.23-512 512s229.23 512 512 512 512-229.23 512-512-229.23-512-512-512zM512 928c-229.75 0-416-186.25-416-416s186.25-416 416-416 416 186.25 416 416-186.25 416-416 416zM384 288l384 224-384 224z"
				],
				"attrs": [],
				"tags": [
					"play",
					"player"
				],
				"defaultCode": 58240,
				"grid": 16
			},
			"attrs": [],
			"properties": {
				"id": 996,
				"order": 10,
				"prevSize": 32,
				"code": 59925,
				"ligatures": "play2, player",
				"name": "play2"
			},
			"setIdx": 1,
			"setId": 0,
			"iconIdx": 277
		},
		{
			"icon": {
				"paths": [
					"M512 0c-282.77 0-512 229.23-512 512s229.23 512 512 512 512-229.23 512-512-229.23-512-512-512zM512 928c-229.75 0-416-186.25-416-416s186.25-416 416-416 416 186.25 416 416-186.25 416-416 416zM320 320h128v384h-128zM576 320h128v384h-128z"
				],
				"attrs": [],
				"tags": [
					"pause",
					"player"
				],
				"defaultCode": 58241,
				"grid": 16
			},
			"attrs": [],
			"properties": {
				"id": 997,
				"order": 11,
				"prevSize": 32,
				"code": 59926,
				"ligatures": "pause, player2",
				"name": "pause"
			},
			"setIdx": 1,
			"setId": 0,
			"iconIdx": 278
		},
		{
			"icon": {
				"paths": [
					"M512 0c-282.77 0-512 229.23-512 512s229.23 512 512 512 512-229.23 512-512-229.23-512-512-512zM512 928c-229.75 0-416-186.25-416-416s186.25-416 416-416 416 186.25 416 416-186.25 416-416 416zM320 320h384v384h-384z"
				],
				"attrs": [],
				"tags": [
					"stop",
					"player"
				],
				"defaultCode": 58242,
				"grid": 16
			},
			"attrs": [],
			"properties": {
				"id": 998,
				"order": 12,
				"prevSize": 32,
				"code": 59927,
				"ligatures": "stop, player3",
				"name": "stop"
			},
			"setIdx": 1,
			"setId": 0,
			"iconIdx": 279
		},
		{
			"icon": {
				"paths": [
					"M512 0c-282.77 0-512 229.23-512 512s229.23 512 512 512 512-229.23 512-512-229.23-512-512-512zM512 928c-229.75 0-416-186.25-416-416s186.25-416 416-416 416 186.25 416 416-186.25 416-416 416z",
					"M448 512l256-192v384z",
					"M320 320h128v384h-128v-384z"
				],
				"attrs": [],
				"tags": [
					"previous",
					"player"
				],
				"defaultCode": 58243,
				"grid": 16
			},
			"attrs": [],
			"properties": {
				"order": 13,
				"id": 1799,
				"prevSize": 32,
				"code": 59928,
				"ligatures": "previous, player4",
				"name": "previous"
			},
			"setIdx": 1,
			"setId": 0,
			"iconIdx": 280
		},
		{
			"icon": {
				"paths": [
					"M512 0c282.77 0 512 229.23 512 512s-229.23 512-512 512-512-229.23-512-512 229.23-512 512-512zM512 928c229.75 0 416-186.25 416-416s-186.25-416-416-416-416 186.25-416 416 186.25 416 416 416z",
					"M576 512l-256-192v384z",
					"M704 320h-128v384h128v-384z"
				],
				"attrs": [],
				"tags": [
					"next",
					"player"
				],
				"defaultCode": 58243,
				"grid": 16
			},
			"attrs": [],
			"properties": {
				"id": 999,
				"order": 14,
				"prevSize": 32,
				"code": 59929,
				"ligatures": "next, player5",
				"name": "next"
			},
			"setIdx": 1,
			"setId": 0,
			"iconIdx": 281
		},
		{
			"icon": {
				"paths": [
					"M512 1024c282.77 0 512-229.23 512-512s-229.23-512-512-512-512 229.23-512 512 229.23 512 512 512zM512 96c229.75 0 416 186.25 416 416s-186.25 416-416 416-416-186.25-416-416 186.25-416 416-416zM704 672l-224-160 224-160zM448 672l-224-160 224-160z"
				],
				"attrs": [],
				"tags": [
					"backward",
					"player"
				],
				"defaultCode": 58243,
				"grid": 16
			},
			"attrs": [],
			"properties": {
				"order": 15,
				"id": 1798,
				"prevSize": 32,
				"code": 59930,
				"ligatures": "backward, player6",
				"name": "backward"
			},
			"setIdx": 1,
			"setId": 0,
			"iconIdx": 282
		},
		{
			"icon": {
				"paths": [
					"M512 0c-282.77 0-512 229.23-512 512s229.23 512 512 512 512-229.23 512-512-229.23-512-512-512zM512 928c-229.75 0-416-186.25-416-416s186.25-416 416-416 416 186.25 416 416-186.25 416-416 416zM320 352l224 160-224 160zM576 352l224 160-224 160z"
				],
				"attrs": [],
				"tags": [
					"forward",
					"player"
				],
				"defaultCode": 58244,
				"grid": 16
			},
			"attrs": [],
			"properties": {
				"id": 1000,
				"order": 9,
				"prevSize": 32,
				"code": 59931,
				"ligatures": "forward2, player7",
				"name": "forward2"
			},
			"setIdx": 1,
			"setId": 0,
			"iconIdx": 283
		},
		{
			"icon": {
				"paths": [
					"M192 128l640 384-640 384z"
				],
				"attrs": [],
				"tags": [
					"play",
					"player"
				],
				"defaultCode": 58245,
				"grid": 16
			},
			"attrs": [],
			"properties": {
				"id": 1001,
				"order": 8,
				"prevSize": 32,
				"code": 59932,
				"ligatures": "play3, player8",
				"name": "play3"
			},
			"setIdx": 1,
			"setId": 0,
			"iconIdx": 284
		},
		{
			"icon": {
				"paths": [
					"M128 128h320v768h-320zM576 128h320v768h-320z"
				],
				"attrs": [],
				"tags": [
					"pause",
					"player"
				],
				"defaultCode": 58246,
				"grid": 16
			},
			"attrs": [],
			"properties": {
				"id": 1002,
				"order": 16,
				"prevSize": 32,
				"code": 59933,
				"ligatures": "pause2, player9",
				"name": "pause2"
			},
			"setIdx": 1,
			"setId": 0,
			"iconIdx": 285
		},
		{
			"icon": {
				"paths": [
					"M128 128h768v768h-768z"
				],
				"attrs": [],
				"tags": [
					"stop",
					"player",
					"square"
				],
				"defaultCode": 58247,
				"grid": 16
			},
			"attrs": [],
			"properties": {
				"id": 1003,
				"order": 17,
				"prevSize": 32,
				"code": 59934,
				"ligatures": "stop2, player10",
				"name": "stop2"
			},
			"setIdx": 1,
			"setId": 0,
			"iconIdx": 286
		},
		{
			"icon": {
				"paths": [
					"M576 160v320l320-320v704l-320-320v320l-352-352z"
				],
				"attrs": [],
				"tags": [
					"backward",
					"player"
				],
				"defaultCode": 58248,
				"grid": 16
			},
			"attrs": [],
			"properties": {
				"id": 1004,
				"order": 18,
				"prevSize": 32,
				"code": 59935,
				"ligatures": "backward2, player11",
				"name": "backward2"
			},
			"setIdx": 1,
			"setId": 0,
			"iconIdx": 287
		},
		{
			"icon": {
				"paths": [
					"M512 864v-320l-320 320v-704l320 320v-320l352 352z"
				],
				"attrs": [],
				"tags": [
					"forward",
					"player"
				],
				"defaultCode": 58249,
				"grid": 16
			},
			"attrs": [],
			"properties": {
				"id": 1005,
				"order": 19,
				"prevSize": 32,
				"code": 59936,
				"ligatures": "forward3, player12",
				"name": "forward3"
			},
			"setIdx": 1,
			"setId": 0,
			"iconIdx": 288
		},
		{
			"icon": {
				"paths": [
					"M128 896v-768h128v352l320-320v320l320-320v704l-320-320v320l-320-320v352z"
				],
				"attrs": [],
				"tags": [
					"first",
					"player"
				],
				"defaultCode": 58250,
				"grid": 16
			},
			"attrs": [],
			"properties": {
				"id": 1006,
				"order": 20,
				"prevSize": 32,
				"code": 59937,
				"ligatures": "first, player13",
				"name": "first"
			},
			"setIdx": 1,
			"setId": 0,
			"iconIdx": 289
		},
		{
			"icon": {
				"paths": [
					"M896 128v768h-128v-352l-320 320v-320l-320 320v-704l320 320v-320l320 320v-352z"
				],
				"attrs": [],
				"tags": [
					"last",
					"player"
				],
				"defaultCode": 58251,
				"grid": 16
			},
			"attrs": [],
			"properties": {
				"id": 1007,
				"order": 21,
				"prevSize": 32,
				"code": 59938,
				"ligatures": "last, player14",
				"name": "last"
			},
			"setIdx": 1,
			"setId": 0,
			"iconIdx": 290
		},
		{
			"icon": {
				"paths": [
					"M256 896v-768h128v352l320-320v704l-320-320v352z"
				],
				"attrs": [],
				"tags": [
					"previous",
					"player"
				],
				"defaultCode": 58252,
				"grid": 16
			},
			"attrs": [],
			"properties": {
				"id": 1008,
				"order": 22,
				"prevSize": 32,
				"code": 59939,
				"ligatures": "previous2, player15",
				"name": "previous2"
			},
			"setIdx": 1,
			"setId": 0,
			"iconIdx": 291
		},
		{
			"icon": {
				"paths": [
					"M768 128v768h-128v-352l-320 320v-704l320 320v-352z"
				],
				"attrs": [],
				"tags": [
					"next",
					"player"
				],
				"defaultCode": 58253,
				"grid": 16
			},
			"attrs": [],
			"properties": {
				"id": 1009,
				"order": 23,
				"prevSize": 32,
				"code": 59940,
				"ligatures": "next2, player16",
				"name": "next2"
			},
			"setIdx": 1,
			"setId": 0,
			"iconIdx": 292
		},
		{
			"icon": {
				"paths": [
					"M512 32l-480 480h288v512h384v-512h288z"
				],
				"attrs": [],
				"tags": [
					"arrow-up",
					"up",
					"upload",
					"top"
				],
				"defaultCode": 60873,
				"grid": 16
			},
			"attrs": [],
			"properties": {
				"id": 1065,
				"order": 25,
				"prevSize": 32,
				"code": 59954,
				"ligatures": "arrow-up, up",
				"name": "arrow-up"
			},
			"setIdx": 1,
			"setId": 0,
			"iconIdx": 306
		},
		{
			"icon": {
				"paths": [
					"M877.254 402.746l-320-320c-24.992-24.994-65.514-24.994-90.508 0l-320 320c-24.994 24.994-24.994 65.516 0 90.51 24.994 24.996 65.516 24.996 90.51 0l210.744-210.746v613.49c0 35.346 28.654 64 64 64s64-28.654 64-64v-613.49l210.746 210.746c12.496 12.496 28.876 18.744 45.254 18.744s32.758-6.248 45.254-18.746c24.994-24.994 24.994-65.514 0-90.508z"
				],
				"attrs": [],
				"tags": [
					"arrow-up",
					"up",
					"upload",
					"top"
				],
				"defaultCode": 58305,
				"grid": 16
			},
			"attrs": [],
			"properties": {
				"order": 27,
				"id": 1803,
				"prevSize": 32,
				"code": 59962,
				"ligatures": "arrow-up2, up2",
				"name": "arrow-up2"
			},
			"setIdx": 1,
			"setId": 0,
			"iconIdx": 314
		},
		{
			"icon": {
				"paths": [
					"M0 512c0 282.77 229.23 512 512 512s512-229.23 512-512-229.23-512-512-512-512 229.23-512 512zM928 512c0 229.75-186.25 416-416 416s-416-186.25-416-416 186.25-416 416-416 416 186.25 416 416z",
					"M706.744 669.256l90.512-90.512-285.256-285.254-285.254 285.256 90.508 90.508 194.746-194.744z"
				],
				"attrs": [],
				"tags": [
					"circle-up",
					"up",
					"circle-top",
					"arrow"
				],
				"defaultCode": 58883,
				"grid": 16
			},
			"attrs": [],
			"properties": {
				"order": 26,
				"id": 1393,
				"prevSize": 32,
				"code": 59969,
				"ligatures": "circle-up, up3",
				"name": "circle-up"
			},
			"setIdx": 1,
			"setId": 0,
			"iconIdx": 321
		}
	],
	"height": 1024,
	"metadata": {
		"name": "icomoon"
	},
	"preferences": {
		"showGlyphs": true,
		"showQuickUse": true,
		"showQuickUse2": true,
		"showSVGs": true,
		"fontPref": {
			"prefix": "icon-",
			"metadata": {
				"fontFamily": "icomoon"
			},
			"metrics": {
				"emSize": 1024,
				"baseline": 6.25,
				"whitespace": 50
			}
		},
		"imagePref": {
			"prefix": "icon-",
			"png": true,
			"useClassSelector": true,
			"color": 4473924,
			"bgColor": 16777215
		},
		"historySize": 100,
		"showCodes": true
	}
}